"index","id","id_product","product_name","slug","price","short_description","full_description","category"
NULL,"10003353873",,"Robin Crop Top - White","robin-crop-top-white","6.006.00",NULL,NULL,"Basic Tops & Bodysuits"
NULL,"10007017681",,"GiGi Clear Toe Heel - Black","gigi-clear-toe-heel-black","34.9934.99",NULL,NULL,"Shoes"
NULL,"10012222225",,"Tasha Dressy High Rise Pants - Charcoal","tasha-dressy-high-rise-pants-charcoal","23.9923.99",NULL,NULL,"Pants"
NULL,"11699945489",,"Katie Cami Slip Dress - Black","katie-cami-slip-dress-black","6.006.00",NULL,NULL,"Dresses"
NULL,"1318540214396",,"My Number One Leggings - Black","my-number-one-leggings-black","7.007.00",NULL,NULL,"Leggings"
NULL,"1318601851004",,"Kathleen Floral Top - Rust","kathleen-floral-top-rust","23.9923.99",NULL,NULL,"Shirts & Blouses"
NULL,"1318814875772",,"Relaxed Vibe Solid Hoodie - Blue","relaxed-vibe-solid-hoodie-blue","15.0015.00",NULL,NULL,"Knit Tops"
NULL,"1318817988732",,"Stole Your Boyfriend's Oversized Jogger - Black","stole-your-boyfriends-oversized-jogger-black","18.0018.00",NULL,NULL,"Pants"
NULL,"1318819954812",,"Stole Your Boyfriend's Oversized Hoodie - Black","stole-your-boyfriends-oversized-hoodie-black","20.0020.00",NULL,NULL,"Knit Tops"
NULL,"1318841057404",,"Brianne High Rise Leggings - Black","brianne-high-rise-leggings-black","9.009.00",NULL,NULL,"Leggings"
NULL,"1318857212028",,"Relaxed Vibe Joggers - Marled Black","relaxed-vibe-joggers-marled-black","15.0015.00",NULL,NULL,"Pants"
NULL,"1319048904828",,"Moments After Cardigan - Khaki","moments-after-cardigan-khaki","19.9919.99",NULL,NULL,"Sweaters"
NULL,"1319120109692",,"Latest And Greatest French Terry Zip Hoodie - Black","latest-and-greatest-french-terry-zip-hoodie-black","12.0012.00",NULL,NULL,"Knit Tops"
NULL,"1319191183484",,"Relaxed Vibe Solid Hoodie - Black","relaxed-vibe-solid-hoodie-black","15.0015.00",NULL,NULL,"Knit Tops"
NULL,"1319209894012",,"Stole Your Boyfriend's Oversized Jogger - Nude","stole-your-boyfriends-oversized-jogger-nude","16.0016.00",NULL,NULL,"Pants"
NULL,"1319420428412",,"Kiss And Make Up Seamless Leggings - Black","kiss-and-make-up-seamless-leggings-black","7.007.00",NULL,NULL,"Leggings"
NULL,"1319460077692",,"Pamela Turtle Neck Long Sleeve Top - Off White","pamela-turtle-neck-long-sleeve-top-white","8.008.00",NULL,NULL,"Basic Tops & Bodysuits"
NULL,"1319478034556",,"Relaxed Vibe Joggers - Black","relaxed-vibe-joggers-black","15.0015.00",NULL,NULL,"Pants"
NULL,"1319478263932",,"Relaxed Vibe Joggers - Plum","relaxed-vibe-joggers-plum","15.0015.00",NULL,NULL,"Pants"
NULL,"1319652425852",,"Forever My Favorite Top - Black","forever-my-favorite-top-black","8.008.00",NULL,NULL,"Basic Tops & Bodysuits"
NULL,"1319653212284",,"Hyperstretch Skinny Pants - Tan","hyperstretch-skinny-pants-tan","19.9919.99",NULL,NULL,"Pants"
NULL,"1319714914428",,"Stole Your Boyfriend's Oversized Zip Up Hoodie - Black","stole-your-boyfriends-oversized-zip-up-black","22.0022.00",NULL,NULL,"Lounge"
NULL,"1319715012732",,"Stole Your Boyfriend's Oversized Zip Up Hoodie - Heathered Grey","stole-your-boyfriends-oversized-zip-up-heathered-grey","22.0022.00",NULL,NULL,"Lounge"
NULL,"1319734542460",,"Love At First Sight Pants - Black","love-at-first-sight-pants-black","19.9919.99",NULL,NULL,"Pants"
NULL,"1319822557308",,"Jules Body Sculpting Mini Dress - Black","jules-body-can-mini-dress-black","24.9924.99",NULL,NULL,"Dresses"
NULL,"1319857062012",,"Plain Jane Mini Shorts - Black","plain-jane-mini-shorts-black","5.005.00",NULL,NULL,"Shorts"
NULL,"1319858831484",,"Uncomplicated Seamless Shorts - Black","uncomplicated-seamless-shorts-black","5.005.00",NULL,NULL,"Shorts"
NULL,"1320085160060",,"Stole Your Boyfriend's Oversized Hoodie - Heather Grey","stole-your-boyfriends-oversized-hoodie-heather-grey","20.0020.00",NULL,NULL,"Knit Tops"
NULL,"1320085225596",,"Stole Your Boyfriend's Oversized Jogger - Heather Grey","stole-your-boyfriends-oversized-jogger-heather-grey","18.0018.00",NULL,NULL,"Pants"
NULL,"1320101347452",,"Valentina High Rise Flare Jeans - Black","valentina-high-rise-flare-jeans-black","17.9917.99",NULL,NULL,"Jeans"
NULL,"1320197783676",,"Smooth Operator High Rise Legging - Black","smooth-operator-high-rise-legging-black","7.007.00",NULL,NULL,"Leggings"
NULL,"1320200306812",,"Waisted Away High Rise Legging - Black","waisted-away-high-rise-leggings-black","7.007.00",NULL,NULL,"Leggings"
NULL,"1320202272892",,"Smooth It Out High Rise Legging - Black","smooth-it-out-high-rise-legging-black","7.007.00",NULL,NULL,"Leggings"
NULL,"1320290058364",,"Chelsea Biker Short Set - Black","chelsea-biker-short-set-black","16.0016.00",NULL,NULL,"Matching Sets"
NULL,"1320300216444",,"Carla Basic V Tee - Navy","carla-basic-v-tee-navy","6.006.00",NULL,NULL,"Basic Tops & Bodysuits"
NULL,"1320445673596",,"Rough Rider Biker Shorts - Black","rough-rider-biker-shorts-black","10.0010.00",NULL,NULL,"Shorts"
NULL,"1320505704572",,"Yasmeen Square Neck Top - Black","yasmeen-square-neck-top-black","10.0010.00",NULL,NULL,"Basic Tops & Bodysuits"
NULL,"1320582054012",,"Infinite And Beyond 6 Piece Costume Set - Green/combo","infinite-and-beyond-6-piece-costume-set-green-combo","59.4959.49",NULL,NULL,"Womens Costumes"
NULL,"1320582152316",,"Pebble Bedrock Baby 4 Piece Costume Set - Green/combo","pebble-bedrock-baby-4-piece-costume-set-green-combo","45.4945.49",NULL,NULL,"Womens Costumes"
NULL,"1320665546876",,"Chelsea Legging Set - Blue","chelsea-legging-set-blue","25.0025.00",NULL,NULL,"Matching Sets"
NULL,"1320695398524",,"Care For The Flare Heeled Sandals - Silver","care-for-the-flare-heeled-sandals-silver","27.9927.99",NULL,NULL,"Shoes"
NULL,"1320814739580",,"Tennis And Chill Fleece Jogger - Burgundy","tennis-and-chill-fleece-jogger-burgundy","15.0015.00",NULL,NULL,"Pants"
NULL,"1320815034492",,"Tennis And Chill Fleece Jogger - Black","tennis-and-chill-fleece-jogger-black","15.0015.00",NULL,NULL,"Pants"
NULL,"1320818475132",,"Stole Your Boyfriend's Oversized Jogger - Sage","stole-your-boyfriends-oversized-jogger-sage","18.0018.00",NULL,NULL,"Pants"
NULL,"1320818507900",,"Stole Your Boyfriend's Oversized Hoodie - Sage","stole-your-boyfriends-oversized-hoodie-sage","20.0020.00",NULL,NULL,"Knit Tops"
NULL,"1320831713404",,"She Bad PU Leather Pant - Black","she-bad-pu-leather-pant-black-1","20.0020.00",NULL,NULL,"Pants"
NULL,"1320883552380",,"Relaxed Vibe Joggers - Navy","relaxed-vibe-joggers-navy","15.0015.00",NULL,NULL,"Pants"
NULL,"1321071476860",,"The Mixer Distressed Denim Bermudas - Light Blue Wash","the-mixer-distressed-denim-bermudas-light-blue-wash","15.0015.00",NULL,NULL,"Jean Shorts"
NULL,"1321072001148",,"The Mixer Distressed Denim Bermudas - Medium Blue Wash","the-mixer-distressed-denim-bermudas-medium-blue-wash","15.0015.00",NULL,NULL,"Jean Shorts"
NULL,"1321127739516",,"Dangerous Affection Sweatshirt - Black/combo","dangerous-affection-sweatshirt-black-combo","23.9923.99",NULL,NULL,"Knit Tops"
NULL,"1321227059324",,"Nobody But Me Sandals - White","nobody-but-me-sandals-white","12.0012.00",NULL,NULL,"Shoes"
NULL,"1321269231740",,"Divine Basic Tank Bodysuit - Black","divine-basic-tank-bodysuit-black","8.008.00",NULL,NULL,"Basic Tops & Bodysuits"
NULL,"1321269264508",,"Divine Basic Tank Bodysuit - Khaki","divine-basic-tank-bodysuit-khaki","8.008.00",NULL,NULL,"Basic Tops & Bodysuits"
NULL,"1321269330044",,"Divine Basic Tank Bodysuit - Red","divine-basic-tank-bodysuit-red","6.006.00",NULL,NULL,"Basic Tops & Bodysuits"
NULL,"1321348366460",,"Running Around High Rise Legging - Black","running-around-high-rise-legging-black","9.009.00",NULL,NULL,"Leggings"
NULL,"1321348792444",,"Running Around High Rise Legging - Charcoal","running-around-high-rise-legging-charcoal","9.009.00",NULL,NULL,"Leggings"
NULL,"1321412690044",,"Elisa Relaxed Crop Tee - Black","elisa-relaxed-crop-tee-black","8.008.00",NULL,NULL,"Basic Tops & Bodysuits"
NULL,"1321514631292",,"Everybody Looking Faux Leather Joggers - Black","everybody-looking-faux-leather-joggers-black","17.9917.99",NULL,NULL,"Pants"
NULL,"1321526427772",,"Relaxed Vibe Joggers - Heather Grey","relaxed-vibe-joggers-heather-grey","15.0015.00",NULL,NULL,"Pants"
NULL,"1321548218492",,"Showing Out Heeled Sandal - Iridescent","showing-out-heeled-sandal-iridescent","39.9939.99",NULL,NULL,"Shoes"
NULL,"1321585475708",,"Relaxed Vibe Zip Up Jacket - Heather Grey","relaxed-vibe-zip-up-jacket-heather-grey","14.0014.00",NULL,NULL,"Knit Tops"
NULL,"1321785491580",,"Crossover Straight Leg Jeans - Light Blue Wash","crossover-straight-leg-jeans-light-blue-wash","20.9920.99",NULL,NULL,"Jeans"
NULL,"1321789718652",,"Baby Got Back Romper - Black","baby-got-back-romper-black","10.0010.00",NULL,NULL,"Rompers"
NULL,"1321793486972",,"Chosen One Pant Set - Black","chosen-one-pant-set-black","29.9929.99",NULL,NULL,"Matching Sets"
NULL,"1321805611132",,"Weekend Vibes Short Set - Black","weekend-vibes-matching-set-black","18.0018.00",NULL,NULL,"Matching Sets"
NULL,"1321832906876",,"Relaxed Vibe Solid Hoodie - Navy","relaxed-vibe-solid-hoodie-navy","15.0015.00",NULL,NULL,"Knit Tops"
NULL,"1321832972412",,"Relaxed Vibe Solid Hoodie - Heather Grey","relaxed-vibe-solid-hoodie-heather-grey","15.0015.00",NULL,NULL,"Knit Tops"
NULL,"1321834774652",,"My Favorite Biker Short - Black","my-favorite-biker-short-black","5.005.00",NULL,NULL,"Shorts"
NULL,"1321893462140",,"Lean On Me Leggings - Heather Grey","lean-on-me-leggings-heather-grey","7.007.00",NULL,NULL,"Leggings"
NULL,"1321898803324",,"Tennis And Chill Fleece Pullover Hoodie - Navy","tennis-and-chill-fleece-pullover-hoodie-navy","15.0015.00",NULL,NULL,"Knit Tops"
NULL,"1321914663036",,"Lily Crew Neck Long Sleeve Top - Charcoal","lily-crew-neck-long-sleeve-top-charcoal","8.008.00",NULL,NULL,"Basic Tops & Bodysuits"
NULL,"1322030858364",,"Better Days Crop Hoodie - Black","better-days-crop-hoodie-black","15.9915.99",NULL,NULL,"Sweaters"
NULL,"1322067689596",,"Look Again Joggers - Navy","look-again-joggers-navy","15.9915.99",NULL,NULL,"Pants"
NULL,"1322067853436",,"Look Again Hoodie - Heather Grey","look-again-hoodie-heather-grey","18.0018.00",NULL,NULL,"Knit Tops"
NULL,"1322067886204",,"Look Again Hoodie - Black","look-again-hoodie-black","18.0018.00",NULL,NULL,"Knit Tops"
NULL,"1322067918972",,"Look Again Joggers - Heather Grey","look-again-joggers-heather-grey","15.9915.99",NULL,NULL,"Pants"
NULL,"1322075521148",,"Running Around High Rise Legging - Heather Grey","running-around-high-rise-legging-heather-grey","9.009.00",NULL,NULL,"Leggings"
NULL,"1322075586684",,"Running Around High Rise Legging - Navy","running-around-high-rise-legging-navy","9.009.00",NULL,NULL,"Leggings"
NULL,"1322173268092",,"All Torn Up Crop Denim Jacket - Medium Wash","all-torn-up-crop-denim-jacket-medium-wash","24.0024.00",NULL,NULL,"Jackets & Coats"
NULL,"1322197450876",,"Weekend Vibes Legging Set - Mocha","weekend-vibes-legging-set-mocha","18.0018.00",NULL,NULL,"Matching Sets"
NULL,"1322255908988",,"Butterfly Baby Heels - Nude","butterfly-baby-heels-nude","29.9929.99",NULL,NULL,"Shoes"
NULL,"1322311385212",,"Big On Comfort Jogger Pant - Heather Grey","big-on-comfort-jogger-pant-heather-grey","17.9917.99",NULL,NULL,"Pants"
NULL,"1322354802812",,"Don't Get Crossed Over Slouch Fit Jeans - Medium Blue Wash","dont-get-crossed-over-slouch-fit-jeans-medium-blue-wash","20.9920.99",NULL,NULL,"Jeans"
NULL,"1322388390012",,"Wild West Cowgirl Hat - Black","wild-west-cowgirl-hat-black","8.998.99",NULL,NULL,"Womens Costumes"
NULL,"1322388488316",,"Wild West Cowgirl Hat - Red","wild-west-cowgirl-hat-red","8.998.99",NULL,NULL,"Womens Costumes"
NULL,"1322506780796",,"Jeanius Denim Jacket - Grey","jeanius-denim-jacket-dark-wash","11.9811.98",NULL,NULL,"Jackets & Coats"
NULL,"1322609377404",,"Relaxed Vibe Zip Up Jacket - Black","relaxed-vibe-zip-up-jacket-black","16.0016.00",NULL,NULL,"Knit Tops"
NULL,"1322615931004",,"Get Over It Heeled Mules - Pink","get-over-it-heeled-mules-pink","24.9924.99",NULL,NULL,"Shoes"
NULL,"22649307153",,"Happy Hour Bodysuit - Ivory","happy-hour-bodysuit-ivory","13.9913.99",NULL,NULL,"Bodysuits"
NULL,"22943727633",,"Robin Crop Top - Dark Red","robin-crop-top-dark-red","6.006.00",NULL,NULL,"Basic Tops & Bodysuits"
NULL,"233854137",,"Super High Waist Denim Skinnies - Medium Blue","super-high-waist-denim-skinnies-medium-blue","18.0018.00",NULL,NULL,"Jeans"
NULL,"326430193",,"Skinny Uniform Pants - Khaki","khaki-skinny-uniform-pants-khaki","15.0015.00",NULL,NULL,"Pants"
NULL,"326435269",,"Skinny Uniform Pants - Navy","khaki-skinny-uniform-pants-navy","15.9915.99",NULL,NULL,"Pants"
NULL,"326435641",,"Skinny Uniform Pants - Black","khaki-skinny-uniform-pants-black","15.9915.99",NULL,NULL,"Pants"
NULL,"33266663441",,"I'm So Basic Denim Jacket - Light Wash","im-so-basic-denim-jacket-light-wash","27.9927.99",NULL,NULL,"Jackets & Coats"
NULL,"47423422481",,"The New Me Halter Top - Red","the-new-me-halter-top-red","6.006.00",NULL,NULL,"Basic Tops & Bodysuits"
NULL,"5227775328380",,"Aurora Woven Top - Sage","aurora-woven-top-sage","12.0012.00",NULL,NULL,"Shirts & Blouses"
NULL,"5227834572924",,"Aimee Double Lined Bodysuit - Off White","aimee-double-lined-bodysuit-off-white","8.008.00",NULL,NULL,"Bodysuits"
NULL,"5227891196028",,"Almost Every Day Leggings - Chocolate","almost-every-day-leggings-chocolate","9.009.00",NULL,NULL,"Leggings"
NULL,"547846980",,"One of the Boys Dress - Black","one-of-the-boys-dress-black","19.9919.99",NULL,NULL,"Dresses"
NULL,"6535188775036",,"Cheer Stars 4 Piece Costume Set - Blue/combo","cheer-stars-4-piece-costume-set-blue-combo","52.4952.49",NULL,NULL,"Womens Costumes"
NULL,"6535199785084",,"Destination Anywhere Slides - Chocolate","destination-anywhere-slides-chocolate","12.0012.00",NULL,NULL,"Shoes"
NULL,"6535213580412",,"Waist No Time Blouse - Rose","waist-no-time-blouse-rose","20.9920.99",NULL,NULL,"Shirts & Blouses"
NULL,"6535249494140",,"Relaxed Vibe Joggers - Chocolate","relaxed-vibe-joggers-chocolate","15.0015.00",NULL,NULL,"Pants"
NULL,"6535355826300",,"Basic Mock Neck Bodysuit - Chocolate","basic-mock-neck-bodysuit-chocolate","8.008.00",NULL,NULL,"Basic Tops & Bodysuits"
NULL,"6535446986876",,"Nova Charmer Jumpsuit Set - Teal","nova-charmer-jumpsuit-set-teal","39.9939.99",NULL,NULL,"Jumpsuits"
NULL,"6535671316604",,"Always A Classic Pump - Camel","always-a-classic-pump-camel","29.9929.99",NULL,NULL,"Shoes"
NULL,"6535707197564",,"Flaunt What You Got Heels - White","flaunt-what-you-got-heels-white","24.9924.99",NULL,NULL,"Shoes"
NULL,"6535881588860",,"Laid Back Chillin' Pocket Tee - Orange","laid-back-chillin-pocket-tee-orange","8.008.00",NULL,NULL,"Basic Tops & Bodysuits"
NULL,"6535909769340",,"Stay A While Trouser - Light Blue","stay-a-while-trouser-light-blue","19.9919.99",NULL,NULL,"Pants"
NULL,"6536035663996",,"Mixed Emotions Mixed Feelings Flannel Top - Brown/combo","mixed-emotions-mixed-feelings-flannel-top-brown-combo","19.9919.99",NULL,NULL,"Shirts & Blouses"
NULL,"6536041037948",,"Certified Lover Girl Fray Hem Denim Shorts - Light Blue Wash","certified-lover-girl-fray-hem-denim-shorts-light-blue-wash","12.0012.00",NULL,NULL,"Jean Shorts"
NULL,"6536041201788",,"Slay The Way Frayed Denim Shorts - Light Blue Wash","slay-the-way-frayed-denim-shorts-light-blue-wash","9.999.99",NULL,NULL,"Jean Shorts"
NULL,"6536095924348",,"I'm Worth It High Rise Denim Shorts - Light Blue Wash","im-worth-it-high-rise-denim-shorts-light-blue-wash","12.4912.49",NULL,NULL,"Jean Shorts"
NULL,"6536111095932",,"Payin' It Forward Blazer Skirt Set - Mauve","payin-it-forward-blazer-skirt-set-mauve","32.9932.99",NULL,NULL,"Matching Sets"
NULL,"6536213168252",,"Here To Lounge Sweatshorts - Black","here-to-lounge-sweatshorts-black","12.0012.00",NULL,NULL,"Shorts"
NULL,"6536254914684",,"Keep It Up Plaid Pants - Black/combo","keep-it-up-plaid-pants-black-combo","19.9919.99",NULL,NULL,"Pants"
NULL,"6536354726012",,"You Better Work Shirt II - Chocolate","you-better-work-shirt-ii-chocolate","14.0014.00",NULL,NULL,"Shirts & Blouses"
NULL,"6536399323260",,"Hailee Crop Tank Top - Black","hailee-crop-tank-top-black","6.006.00",NULL,NULL,"Basic Tops & Bodysuits"
NULL,"6536407908476",,"Hailey Biker Shorts - Black","hailey-biker-shorts-black","6.006.00",NULL,NULL,"Shorts"
NULL,"6536428388476",,"Chelsea Biker Short Set - Chocolate","chelsea-biker-short-set-chocolate","16.0016.00",NULL,NULL,"Matching Sets"
NULL,"6536451915900",,"Mind Ya Business Denim Shorts - Light Blue Wash","mind-ya-business-denim-shorts-light-blue-wash","14.9914.99",NULL,NULL,"Jean Shorts"
NULL,"6536483897468",,"Laid Back Chillin' Pocket Tee - Navy","laid-back-chillin-pocket-tee-navy","8.008.00",NULL,NULL,"Basic Tops & Bodysuits"
NULL,"6536503918716",,"Forgetting You Heeled Sandals - Black","forgetting-you-heeled-sandals-black","24.9924.99",NULL,NULL,"Shoes"
NULL,"6536525021308",,"Maui Mix And Match High Rise Bikini Bottom - Royal","maui-mix-and-match-high-rise-bikini-bottom-royal","10.0010.00",NULL,NULL,"Swimwear"
NULL,"6536526299260",,"Maui Mix And Match High Rise Bikini Bottom - Purple","maui-mix-and-match-high-rise-bikini-bottom-purple","10.0010.00",NULL,NULL,"Swimwear"
NULL,"6536578302076",,"Melanie Ruched Biker Shorts - Black","melanie-ruched-biker-shorts-black","6.006.00",NULL,NULL,"Shorts"
NULL,"6536600027260",,"Maui Mix And Match Triangle Bikini Top - Royal","maui-mix-and-match-triangle-bikini-top-royal","10.0010.00",NULL,NULL,"Swimwear"
NULL,"6536688074876",,"Girl On The Go Sweater Vest - Multi Color","girl-on-the-go-sweater-vest-multi-color","19.9919.99",NULL,NULL,"Sweaters"
NULL,"6536696856700",,"Had Me At Hello Denim Shacket - Light Wash","had-me-at-hello-denim-shacket-light-wash","29.9929.99",NULL,NULL,"Jackets & Coats"
NULL,"6536697675900",,"Hollywood Studded Denim Jacket - Light Blue Wash","hollywood-studded-denim-jacket-light-blue-wash","47.9947.99",NULL,NULL,"Jackets & Coats"
NULL,"6536702525564",,"Mrs. Jackson Puffer Jacket - Tan","mrs-jackson-puffer-jacket-tan","27.9927.99",NULL,NULL,"Jackets & Coats"
NULL,"6536722448508",,"Goddess Energy 3 Piece Costume Set - White/combo","goddess-energy-3-piece-costume-set-white-combo","59.4959.49",NULL,NULL,"Womens Costumes"
NULL,"6536925806716",,"Western Showdown Button Front Denim Vest - Medium Wash","western-showdown-button-front-denim-vest-medium-wash","27.9927.99",NULL,NULL,"Jackets & Coats"
NULL,"6536998060156",,"C'est La Vie Short Sleeve Tee - Multi Color","cest-la-vie-short-sleeve-tee-multi-color","9.999.99",NULL,NULL,"Mens Tees & Tanks"
NULL,"6537024143484",,"Out Of Time Denim Bomber Jacket - Dark Wash","out-of-time-denim-bomber-jacket-dark-wash","27.9927.99",NULL,NULL,"Jackets & Coats"
NULL,"6537079586940",,"Almost Every Day Leggings - Navy","almost-every-day-leggings-navy","9.009.00",NULL,NULL,"Leggings"
NULL,"6537079619708",,"Almost Every Day Leggings - Heather Grey","almost-every-day-leggings-heather-grey","9.009.00",NULL,NULL,"Leggings"
NULL,"6537140764796",,"Darian Denim Skirt Set - Medium Wash","darian-denim-skirt-set-medium-wash","29.9929.99",NULL,NULL,"Matching Sets"
NULL,"6537267871868",,"Ruffle Some Feathers Bodysuit - Black","ruffle-some-feathers-bodysuit-black","31.9931.99",NULL,NULL,"Bodysuits"
NULL,"6537292251260",,"Glam Babe Drop Earrings - Silver","glam-babe-drop-earrings-silver","6.996.99",NULL,NULL,"Jewelry"
NULL,"6537296314492",,"Oversized Heavyweight Short Sleeve Tee - Off White","oversized-heavyweight-short-sleeve-tee-white","8.008.00",NULL,NULL,"Mens Tees & Tanks"
NULL,"6537296347260",,"Oversized Heavyweight Short Sleeve Tee - Black","oversized-heavyweight-short-sleeve-tee-black","10.0010.00",NULL,NULL,"Mens Tees & Tanks"
NULL,"6537319415932",,"Supernova Embellished Denim Vest - Medium Blue Wash","supernova-embellished-denim-vest-medium-blue-wash","27.9927.99",NULL,NULL,"Jackets & Coats"
NULL,"6537387769980",,"The Perfect Trouser Pant 32 - Black","the-perfect-trouser-pant-32-black","20.9920.99",NULL,NULL,"Pants"
NULL,"6537465364604",,"Billie Cropped Cargo Jacket - Pink","all-a-dream-cropped-denim-jacket-pink","26.9926.99",NULL,NULL,"Jackets & Coats"
NULL,"6537481683068",,"Nirvana Washed Crew Neck Sweatshirt - Black Wash","nirvana-washed-crew-neck-sweatshirt-black-wash","39.9939.99",NULL,NULL,"Screens Tops and Bottoms"
NULL,"6537504292988",,"You Better Work Bodysuit - Black","you-better-work-bodysuit-black","20.9920.99",NULL,NULL,"Shirts & Blouses"
NULL,"6537512190076",,"Erin Ribbed Cami Mini Dress - White","erin-ribbed-cami-mini-dress-white","8.008.00",NULL,NULL,"Dresses"
NULL,"6537512386684",,"Erin Ribbed Cami Mini Dress - Grey","erin-ribbed-cami-mini-dress-grey","8.008.00",NULL,NULL,"Dresses"
NULL,"6537536241788",,"Britney Sequin Mini Skirt - Silver","britney-sequin-mini-skirt-silver","31.9931.99",NULL,NULL,"Skirts"
NULL,"6537558032508",,"Yovanna Mini Dress Set - Black","yovanna-mini-dress-set-black","59.9959.99",NULL,NULL,"Dresses"
NULL,"6537561964668",,"Bec Bandage Midi Dress - Black","bec-bandage-midi-dress-black","49.9949.99",NULL,NULL,"Dresses"
NULL,"6537582116988",,"Karli Wide Leg Pant - Chartreuse","karli-wide-leg-pant-chartreuse","31.4931.49",NULL,NULL,"Career/Office"
NULL,"6537585819772",,"Don't Mess Around Cargo Pant - Green","dont-mess-around-cargo-pant-green","31.9931.99",NULL,NULL,"Pants"
NULL,"6537611083900",,"All Fired Up Cropped Denim Jacket - Orange","all-fired-up-cropped-denim-jacket-orange","14.9914.99",NULL,NULL,"Jackets & Coats"
NULL,"6537728983164",,"Yelisa Seamless Crop Top - Taupe","yelisa-seamless-crop-top-taupe","6.006.00",NULL,NULL,"Basic Tops & Bodysuits"
NULL,"6537734160508",,"Mckenna Oversized Crop T-Shirt - Black","mckenna-oversized-crop-t-shirt-black","6.006.00",NULL,NULL,"Basic Tops & Bodysuits"
NULL,"6537734652028",,"Work It Pinstripe Trouser Pant - Black","work-it-pinstripe-trouser-pant-black","13.9913.99",NULL,NULL,"Pants"
NULL,"6537742942332",,"Thoroughfare Ripped Non Stretch Denim Shorts - Light Blue Wash","thoroughfare-ripped-non-stretch-denim-shorts-light-blue-wash","17.9917.99",NULL,NULL,"Jean Shorts"
NULL,"6537765421180",,"Show Up Short Sleeve Cuban Shirt - Off White","show-up-short-sleeve-cuban-shirt-off-white","18.0018.00",NULL,NULL,"Mens Shirts"
NULL,"6537768992892",,"Bills Paid Midi Dress - Navy","bills-paid-midi-dress-navy","34.9934.99",NULL,NULL,"Dresses"
NULL,"6537795502204",,"Moonbeam Crochet Shrug Sweater - Cream","moonbeam-crochet-shrug-sweater-cream","19.9919.99",NULL,NULL,"Sweaters"
NULL,"6537804152956",,"Bree Camo Stretch Cargo Jean - Olive/combo","bree-camo-stretch-cargo-jean-olive-combo","26.9926.99",NULL,NULL,"Jeans"
NULL,"6537832071292",,"In Control Stretch Cut Off Denim Shorts - Dark Wash","in-control-stretch-cut-off-denim-shorts-dark-wash","12.0012.00",NULL,NULL,"Jean Shorts"
NULL,"6537868312700",,"San Fran Hooded Bomber Jacket - Black","san-fran-hooded-bomber-jacket-black","20.9920.99",NULL,NULL,"Jackets & Coats"
NULL,"6537872867452",,"Serenity Ribbed Bra Top - Royal","serenity-ribbed-bra-top-royal","10.4910.49",NULL,NULL,"Lounge"
NULL,"6537872900220",,"Serenity Ribbed Bra Top - Black","serenity-ribbed-bra-top-black","10.4910.49",NULL,NULL,"Lounge"
NULL,"6537872965756",,"Serenity Ribbed Leggings - Royal","serenity-ribbed-leggings-royal","13.9913.99",NULL,NULL,"Lounge"
NULL,"6537873031292",,"Serenity Ribbed Leggings - Black","serenity-ribbed-leggings-black","13.9913.99",NULL,NULL,"Lounge"
NULL,"6537874636924",,"Health First Tummy Tuck Legging - Black","health-first-tummy-tuck-legging-black","17.9917.99",NULL,NULL,"Lounge"
NULL,"6537876766844",,"Wellness Ribbed Bra Top - Black","wellness-ribbed-bra-top-black","10.4910.49",NULL,NULL,"Lounge"
NULL,"6537890824316",,"Seeing Double Colorblock Trouser - Black/White","seeing-double-colorblock-trouser-black-white","24.4924.49",NULL,NULL,"Pants"
NULL,"6537923002492",,"Janet Snatched Leggings - Black","janet-snatched-leggings-black","19.9919.99",NULL,NULL,"Leggings"
NULL,"6537923428476",,"Rock On Maxi T-Shirt Dress - Black/combo","rock-on-maxi-t-shirt-dress-black-combo","39.9939.99",NULL,NULL,"Dresses"
NULL,"6537953640572",,"Claire Triangle 2 Piece Bikini - Yellow/combo","claire-triangle-2-piece-bikini-yellow-combo","13.9913.99",NULL,NULL,"Swimwear"
NULL,"6537964879996",,"Sienna Surplice Top - Red","sienna-surplice-top-red","7.997.99",NULL,NULL,"Knit Tops"
NULL,"6537967075452",,"Cindy Seamless Bodysuit - Red","cindy-seamless-bodysuit-red","10.0010.00",NULL,NULL,"Bodysuits"
NULL,"6537967894652",,"Turbo Drive Jacket - Black","turbo-drive-jacket-black","35.9935.99",NULL,NULL,"Jackets & Coats"
NULL,"6537969336444",,"Gianna Ultra Crop Top - White","gianna-ultra-crop-top-white","6.006.00",NULL,NULL,"Basic Tops & Bodysuits"
NULL,"6537984639100",,"Big Moves Camo Cargo Pant - Olive/combo","big-moves-camo-cargo-pant-olive-combo","27.9927.99",NULL,NULL,"Pants"
NULL,"6538015146108",,"Casual Lover Skirt Set - Charcoal","casual-lover-skirt-set-charcoal","29.9929.99",NULL,NULL,"Matching Sets"
NULL,"6538025664636",,"The Perfect Trouser Pant 32 - White","the-perfect-trouser-pant-32-white","23.9923.99",NULL,NULL,"Pants"
NULL,"6538033758332",,"Dream Come True Non Stretch Cut Off Denim Shorts - Light Wash","dream-come-true-non-stretch-cut-off-denim-shorts-light-wash","17.9917.99",NULL,NULL,"Jean Shorts"
NULL,"6538056204412",,"Maui Tank Shirt Bikini Top - Orange","maui-tank-bikini-top-orange","10.0010.00",NULL,NULL,"Swimwear"
NULL,"6538056335484",,"Maui Metallic Tank Bikini Top - Silver","maui-metallic-tank-bikini-top-silver","10.0010.00",NULL,NULL,"Swimwear"
NULL,"6538075144316",,"Tie Me Right Ribbed Jumpsuit - Taupe","tie-me-right-ribbed-jumpsuit-taupe","44.9944.99",NULL,NULL,"Jumpsuits"
NULL,"6538079207548",,"Skyline Stripe Cropped Sweater Shrug - Multi Color","skyline-stripe-cropped-sweater-shrug-multi-color","15.9915.99",NULL,NULL,"Sweaters"
NULL,"6538081566844",,"Tell Me A Secret Linen Corset Top - Black","tell-me-a-secret-linen-corset-top-black","19.9919.99",NULL,NULL,"Shirts & Blouses"
NULL,"6538159161468",,"Shinning All Summer High Leg 1 Piece Swimsuit - Sand","shinning-all-summer-high-leg-1-piece-swimsuit-sand","10.0010.00",NULL,NULL,"Swimwear"
NULL,"6538167189628",,"Aleta Shirt - Black","aleta-shirt-black","8.998.99",NULL,NULL,"Shirts & Blouses"
NULL,"6538167419004",,"Chilling Out Short - Heather Grey","chilling-out-short-heather-grey","9.009.00",NULL,NULL,"Lounge"
NULL,"6538190717052",,"Simple And Sweet Mesh Ruched Dress - Black","simple-and-sweet-mesh-ruched-dress-black","32.9932.99",NULL,NULL,"Dresses"
NULL,"6538194878588",,"Clear Direction Skirt Set  - Black/White","clear-direction-skirt-set-black-white","29.9929.99",NULL,NULL,"Matching Sets"
NULL,"6538195042428",,"More Of You Pant Set  - White","more-of-you-pant-set-white","34.9934.99",NULL,NULL,"Matching Sets"
NULL,"6538195894396",,"Amor Studio Short Sleeve Tee - Red","amor-studio-short-sleeve-tee-red","13.9913.99",NULL,NULL,"Mens Graphic Tees"
NULL,"6538289479804",,"Affectious Rush Maxi Dress - Blue/combo","affectious-rush-maxi-dress-blue-combo","34.9934.99",NULL,NULL,"Dresses"
NULL,"6538323853436",,"Always Simplistic Linen Shirt - Beige","always-simplistic-linen-shirt-beige","15.9915.99",NULL,NULL,"Shirts & Blouses"
NULL,"6538400071804",,"Cassidy Maxi Dress - Black","cassidy-maxi-dress-black","12.0012.00",NULL,NULL,"Dresses"
NULL,"6538425892988",,"Weekend Vibes Legging Set - Fuchsia","weekend-vibes-legging-set-fuchsia","18.0018.00",NULL,NULL,"Matching Sets"
NULL,"6538512466044",,"Petite Call It Even Wide Leg Dress Pants - Taupe","petite-call-it-even-wide-leg-dress-pants-taupe","20.9920.99",NULL,NULL,"Pants"
NULL,"6538587832444",,"Samantha Off Shoulder Mini Dress - Navy","samantha-off-shoulder-mini-dress-navy","32.9932.99",NULL,NULL,"Dresses"
NULL,"6538592780412",,"Miley Basic Shorts - Black","miley-basic-shorts-black","6.006.00",NULL,NULL,"Shorts"
NULL,"6538603987068",,"Got Me Feeling Myself Active Jacket - Black","got-me-feeling-myself-active-jacket-black","20.9920.99",NULL,NULL,"Lounge"
NULL,"6538611196028",,"Letting You Know Crop Denim Trucker Jacket - Light Wash","letting-you-know-crop-denim-trucker-jacket-light-wash","20.9920.99",NULL,NULL,"Jackets & Coats"
NULL,"6538613817468",,"Eli Cut Out Bodysuit - White","eli-cut-out-bodysuit-white","15.9915.99",NULL,NULL,"Bodysuits"
NULL,"6538649043068",,"Closer To You Cropped Denim Trucker Jacket - Acid Wash Blue","closer-to-you-cropped-denim-trucker-jacket-acid-wash-blue","27.9927.99",NULL,NULL,"Jackets & Coats"
NULL,"6538661429372",,"Leilani 2 Piece Short Bikini - Black","leilani-2-piece-short-bikini-black","17.4917.49",NULL,NULL,"Swimwear"
NULL,"6538666508412",,"On The List Deluxe Stretch Cut Off Shorts - Medium Wash","on-the-list-deluxe-stretch-cut-off-shorts-medium-wash","10.0010.00",NULL,NULL,"Jean Shorts"
NULL,"6538666737788",,"Reality Short Sleeve Tee - Brown","reality-short-sleeve-tee-brown","13.9913.99",NULL,NULL,"Mens Graphic Tees"
NULL,"6538701930620",,"Vicky Seamless Top - Black","vicky-seamless-top-black","4.004.00",NULL,NULL,"Basic Tops & Bodysuits"
NULL,"6538702553212",,"Just Another Day Linen Shirt - Khaki","just-another-day-linen-shirt-khaki","10.0010.00",NULL,NULL,"Shirts & Blouses"
NULL,"6538769006716",,"Simi Seamless Halter Crop Top - HeatherGrey","simi-seamless-halter-crop-top-heathergrey","4.004.00",NULL,NULL,"Basic Tops & Bodysuits"
NULL,"6538779426940",,"Carla Basic V Tee - Aqua","carla-basic-v-tee-aqua","6.006.00",NULL,NULL,"Basic Tops & Bodysuits"
NULL,"6538779459708",,"Carla Basic V Tee - Pink","carla-basic-v-tee-pink","6.006.00",NULL,NULL,"Basic Tops & Bodysuits"
NULL,"6538787324028",,"Sleek Chic Ribbed Midi Dress - Black","sleek-chic-ribbed-midi-dress-black","10.0010.00",NULL,NULL,"Dresses"
NULL,"6538805641340",,"Billie Cropped Cargo Jacket - Acid Wash Black","billie-cropped-cargo-jacket-acid-wash-black","31.4931.49",NULL,NULL,"Jackets & Coats"
NULL,"6538812522620",,"Billie Cargo Cropped Denim Vest - Green","billie-cargo-cropped-denim-vest-green","24.4924.49",NULL,NULL,"Jackets & Coats"
NULL,"6538834149500",,"Lets Chill Together Short Sleeve Legging Set - Heather Grey","lets-chill-together-short-sleeve-legging-set-heather-grey","24.9924.99",NULL,NULL,"Matching Sets"
NULL,"6538844471420",,"Right And Tight Lux Stretch Denim Shorts - Light Wash","right-and-tight-lux-stretch-denim-shorts-light-wash","12.4912.49",NULL,NULL,"Jean Shorts"
NULL,"6538850304124",,"Always Simplistic Linen Shirt - Orange","always-simplistic-linen-shirt-orange","15.9915.99",NULL,NULL,"Shirts & Blouses"
NULL,"6538908041340",,"Karol Halter Bodysuit - Black","karol-halter-bodysuit-black","10.0010.00",NULL,NULL,"Basic Tops & Bodysuits"
NULL,"6538917412988",,"Game Changer Legging - Black","game-changer-legging-black","7.007.00",NULL,NULL,"Leggings"
NULL,"6538918559868",,"Game Changer Legging - Heather Grey","game-changer-legging-heather-grey","9.009.00",NULL,NULL,"Leggings"
NULL,"6538926981244",,"Keep An Eye Out Platform Heels - Silver","keep-an-eye-out-platform-heels-silver","39.9939.99",NULL,NULL,"Shoes"
NULL,"6539008114812",,"Moving Along Cowboy Boots - Black","moving-along-cowboy-boots-black","49.9949.99",NULL,NULL,"Shoes"
NULL,"6539009458300",,"Most Daring Platform Combat Boots - Black","most-daring-platform-combat-boots-black","49.9949.99",NULL,NULL,"Shoes"
NULL,"6539018207356",,"All That Shines Embellished Denim Jacket - Black Wash","all-that-shines-embellished-denim-jacket-black-wash","22.4922.49",NULL,NULL,"Jackets & Coats"
NULL,"6539039408252",,"Katja Color Block Cropped Cardigan - Brown/combo","katja-cardigan-brown-combo","17.9917.99",NULL,NULL,"Sweaters"
NULL,"6539042652284",,"Kinslie Sweater Top - Black","kinslie-sweater-top-black","16.9916.99",NULL,NULL,"Sweaters"
NULL,"6539044126844",,"Cool Girl Mood Bolero Sweater - Black","cool-girl-mood-bolero-sweater-black","19.9919.99",NULL,NULL,"Sweaters"
NULL,"6539050188924",,"Real Eyes Lie Short Sleeve Tee - White","real-eyes-lie-short-sleeve-tee-white","13.9913.99",NULL,NULL,"Mens Graphic Tees"
NULL,"6539055562876",,"Maison Stretch Denim Trucker Jacket - Dark Wash","maison-stretch-denim-trucker-jacket-dark-wash","23.9923.99",NULL,NULL,"Jackets & Coats"
NULL,"6539067162748",,"On The List Deluxe Stretch Cut Off Shorts - Dark Wash","on-the-list-deluxe-stretch-cut-off-shorts-dark-wash","11.9911.99",NULL,NULL,"Jean Shorts"
NULL,"6539069161596",,"Tall Adriana Flare Pant - Black","tall-adriana-flare-pant-black","10.0010.00",NULL,NULL,"Pants"
NULL,"6539069227132",,"Tall Adriana Flare Pant - Chocolate","tall-adriana-flare-pant-chocolate","10.0010.00",NULL,NULL,"Pants"
NULL,"6539069456508",,"Tall Adriana Flare Pant - Navy","tall-adriana-flare-pant-navy","10.0010.00",NULL,NULL,"Pants"
NULL,"6539081646204",,"Feelin' Popular Satin Shirt - Green","feelin-popular-satin-shirt-green","24.9924.99",NULL,NULL,"Shirts & Blouses"
NULL,"6539101864060",,"Camilla Wide Leg Cargo Pant - Black","camilla-wide-leg-cargo-pant-black","15.9915.99",NULL,NULL,"Pants"
NULL,"6539103207548",,"Jackie Seamless Crop Top - HeatherGrey","jackie-seamless-crop-top-heathergrey","8.008.00",NULL,NULL,"Basic Tops & Bodysuits"
NULL,"6539124670588",,"Stepping Out Mineral Wash Short Set - Emerald","stepping-out-mineral-wash-short-set-emerald","34.9934.99",NULL,NULL,"Matching Sets"
NULL,"6539134206076",,"Tell Me About It Biker Short Set - Black/combo","tell-me-about-it-biker-short-set-black-combo","39.9939.99",NULL,NULL,"Matching Sets"
NULL,"6539142725756",,"Kelly Off Shoulder Bodysuit - Black","kelly-off-shoulder-bodysuit-black","19.9919.99",NULL,NULL,"Bodysuits"
NULL,"6539147313276",,"Sirena Seamless Top - Black","sirena-seamless-top-black","6.006.00",NULL,NULL,"Basic Tops & Bodysuits"
NULL,"6539150164092",,"Stay In Tune Cable Knit Sweater Vest - Black/White","stay-in-tune-cable-knit-sweater-vest-black-white","13.9913.99",NULL,NULL,"Sweaters"
NULL,"6539159961724",,"No Nonsense Detachable Hood Denim Jacket - Black Wash","no-nonsense-detachable-hood-denim-jacket-black-wash","23.9923.99",NULL,NULL,"Jackets & Coats"
NULL,"6539164614780",,"Lorene Fleece Lounge Pant - Grey","lorene-fleece-lounge-pant-grey","22.9922.99",NULL,NULL,"Lounge"
NULL,"6539164647548",,"Tessa Fleece Lounge Jogger - Sand","tessa-fleece-lounge-jogger-sand","19.9919.99",NULL,NULL,"Lounge"
NULL,"6539164778620",,"Tessa Fleece Lounge Jogger - Black","tessa-fleece-lounge-jogger-black","19.9919.99",NULL,NULL,"Lounge"
NULL,"6539170513020",,"Aria Contrast Stitch Fleece Lounge Crew Neck - Navy","aria-contrast-stitch-fleece-lounge-crew-neck-navy","19.9919.99",NULL,NULL,"Lounge"
NULL,"6539170939004",,"Aria Contrast Stitch Fleece Lounge Jogger - Navy","aria-contrast-stitch-fleece-lounge-jogger-navy","19.9919.99",NULL,NULL,"Lounge"
NULL,"6539171364988",,"Play It Back Lounge Wide Leg Pant - Black/combo","play-it-back-lounge-wide-leg-pant-black-combo","23.9923.99",NULL,NULL,"Lounge"
NULL,"6539187028092",,"Biker Club Faux Leather Jacket - Black","biker-club-faux-leather-jacket-black","31.9931.99",NULL,NULL,"Jackets & Coats"
NULL,"6539191648380",,"Ambitious Bandage Midi Dress - Black","ambitious-bandage-midi-dress-black","69.9969.99",NULL,NULL,"Dresses"
NULL,"6539214323836",,"Monaco Cargo Utility Denim Jacket - Red","monaco-cargo-utility-denim-jacket-red","12.9812.98",NULL,NULL,"Jackets & Coats"
NULL,"6539227955324",,"Proceed With Caution 3 Piece Costume Set - Yellow/combo","proceed-with-caution-3-piece-costume-set-yellow-combo","55.9955.99",NULL,NULL,"Costumes"
NULL,"6539261804668",,"Street Romance Fishnet Pumps - Black","street-romance-fishnet-pumps-black","39.9939.99",NULL,NULL,"Shoes"
NULL,"6539278090364",,"Princess Material Heeled Sandals - Silver","princess-material-heeled-sandals-silver","34.9934.99",NULL,NULL,"Shoes"
NULL,"6539289395324",,"In The Wild Camo Trucker Jacket - Camouflage","in-the-wild-camo-trucker-jacket-camouflage","20.9920.99",NULL,NULL,"Jackets & Coats"
NULL,"6539290083452",,"Delphi Cable Knit Cropped Cardigan - Purple","delphi-cable-knit-cardigan-purple","19.9919.99",NULL,NULL,"Sweaters"
NULL,"6539290378364",,"Delphi Cable Knit Cropped Cardigan - Black","delphi-cable-knit-cardigan-black","19.9919.99",NULL,NULL,"Sweaters"
NULL,"6539298832508",,"Walk All Over You Denim Maxi Skirt - Medium Wash","walk-all-over-you-denim-maxi-skirt-medium-wash","27.9927.99",NULL,NULL,"Skirts"
NULL,"6539298930812",,"Dramatic Distressed Denim Maxi Skirt - Light Wash","dramatic-distressed-denim-maxi-skirt-light-wash","27.9927.99",NULL,NULL,"Skirts"
NULL,"6539301126268",,"Body Bliss Top - Ivory","body-bliss-top-ivory","15.9915.99",NULL,NULL,"Knit Tops"
NULL,"6539305386108",,"The Power Of Peace Short Sleeve Tee - Grey","the-power-of-peace-short-sleeve-tee-grey","13.9913.99",NULL,NULL,"Mens Graphic Tees"
NULL,"6539325112444",,"Grace Cargo Lounge Pant - Navy","grace-cargo-lounge-pant-navy","25.9925.99",NULL,NULL,"Lounge"
NULL,"6539332059260",,"Far Away Tinted Denim Shacket - Light Wash","far-away-tinted-denim-shacket-light-wash","23.9923.99",NULL,NULL,"Jackets & Coats"
NULL,"6539354505340",,"Milan Cargo Lounge Pant - Red","milan-cargo-lounge-pant-red","23.9923.99",NULL,NULL,"Lounge"
NULL,"6539355979900",,"Onyx Ombre Ripped Denim Jacket - Black Wash","onyx-ombre-ripped-denim-jacket-black-wash","17.4917.49",NULL,NULL,"Jackets & Coats"
NULL,"6539356373116",,"Lone Pine Cropped Bolero Denim Jacket - Medium Wash","lone-pine-cropped-bolero-denim-jacket-medium-wash","24.4924.49",NULL,NULL,"Jackets & Coats"
NULL,"6539359715452",,"When In Rome Moto Denim Jacket - Dark Wash","when-in-rome-moto-denim-jacket-dark-wash","23.9923.99",NULL,NULL,"Jackets & Coats"
NULL,"6539359748220",,"The Wayside Denim Vest - Medium Wash","the-wayside-stretch-denim-vest-medium-wash","20.9920.99",NULL,NULL,"Jackets & Coats"
NULL,"6539359846524",,"Sahara Cropped Tinted Denim Jacket - Medium Wash","sahara-cropped-tinted-denim-jacket-medium-wash","23.9923.99",NULL,NULL,"Jackets & Coats"
NULL,"6539363451004",,"Chloe Cargo Mini Dress - Charcoal","chloe-cargo-mini-dress-charcoal","44.9944.99",NULL,NULL,"Dresses"
NULL,"6539395039356",,"Thalia Tank Top - Black","thalia-tank-top-black","8.008.00",NULL,NULL,"Basic Tops & Bodysuits"
NULL,"6539395399804",,"Paige Racer Back Top - White","paige-racer-back-top-white","6.006.00",NULL,NULL,"Basic Tops & Bodysuits"
NULL,"6539395596412",,"Thalia Tank Top - Cherry Pop","thalia-tank-top-red","6.006.00",NULL,NULL,"Basic Tops & Bodysuits"
NULL,"6539396481148",,"Shape Up Sculpting Stretch Skinny Jeans - Brown","shape-up-sculpting-stretch-skinny-jeans-brown","17.9917.99",NULL,NULL,"Jeans"
NULL,"6539404738684",,"My Turn Again Lounge Pant - Heather Grey","my-turn-again-lounge-pant-heather-grey","24.9924.99",NULL,NULL,"Lounge"
NULL,"6539405361276",,"Time Travel Lounge Pant - Black","time-travel-lounge-pant-black","24.9924.99",NULL,NULL,"Lounge"
NULL,"6539423940732",,"Adriana Smooth Fit Bodysuit - Black","adriana-smooth-fit-bodysuit-black","17.9917.99",NULL,NULL,"Bodysuits"
NULL,"6539425480828",,"Alissa Double Lined Top - Black","alissa-double-lined-top-black","8.008.00",NULL,NULL,"Basic Tops & Bodysuits"
NULL,"6539435737212",,"Vittoria Tinted Denim Trucker Jacket - Light Wash","vittoria-tinted-denim-trucker-jacket-light-wash","26.9926.99",NULL,NULL,"Jackets & Coats"
NULL,"6539447828604",,"New Night Satin Pant Set - Black/combo","new-night-satin-pant-set-black-combo","49.9949.99",NULL,NULL,"Matching Sets"
NULL,"6539450450044",,"Skyline Drive Denim Moto Jacket - Black Wash","skyline-drive-denim-moto-jacket-black-wash","26.9926.99",NULL,NULL,"Jackets & Coats"
NULL,"6539450548348",,"Dani Drop Waist Straight Leg Jeans - Medium Wash","dani-drop-waist-straight-leg-jeans-medium-wash","20.9920.99",NULL,NULL,"Jeans"
NULL,"6539453497468",,"Angel In Disguise Cargo Denim Jacket - Black Wash","angel-in-disguise-cargo-denim-jacket-black-wash","31.4931.49",NULL,NULL,"Jackets & Coats"
NULL,"6539458576508",,"Moto Mayhem Stretch Denim Jacket - Medium Wash","moto-mayhem-stretch-denim-jacket-medium-wash","29.9929.99",NULL,NULL,"Jackets & Coats"
NULL,"6539459199100",,"Cassandra Cross Over Lounge Pant - Black","cassandra-cross-over-lounge-pant-black","24.9924.99",NULL,NULL,"Lounge"
NULL,"6539466571900",,"Reyna Ribbed Seamless Legging - Black","reyna-ribbed-seamless-legging-black","7.007.00",NULL,NULL,"Leggings"
NULL,"6539480531068",,"Almost Every Day Leggings - Charcoal","almost-every-day-leggings-charcoal","9.009.00",NULL,NULL,"Leggings"
NULL,"6539482398844",,"Brenda Ribbed Midi Dress - Black","brenda-ribbed-midi-dress-black","10.0010.00",NULL,NULL,"Dresses"
NULL,"6539508940924",,"Julia Flocked Mini Dress - Black","julia-floral-mini-dress-black","34.9934.99",NULL,NULL,"Dresses"
NULL,"6539514937468",,"My Everyday Ribbed Tee - Charcoal","my-everyday-ribbed-tee-charcoal","8.008.00",NULL,NULL,"Basic Tops & Bodysuits"
NULL,"6539529453692",,"Devil In Disguise Cargo Denim Jacket - Medium Wash","devil-in-disguise-cargo-denim-jacket-medium-wash","20.9920.99",NULL,NULL,"Jackets & Coats"
NULL,"6539531649148",,"Makenzie Pant Set - Rust","makenzie-pant-set-rust","39.9939.99",NULL,NULL,"Matching Sets"
NULL,"6539535024252",,"Issa Ribbed Top - White","issa-ribbed-top-white","10.0010.00",NULL,NULL,"Basic Tops & Bodysuits"
NULL,"6539552260220",,"Strong N' Fearless Legging Set - Heather Grey","strong-n-fearless-legging-set-heather-grey","34.9934.99",NULL,NULL,"Matching Sets"
NULL,"6539565301884",,"Racing Flag Bomber Jacket - Black/White","racing-flag-bomber-jacket-black-white","41.9941.99",NULL,NULL,"Jackets & Coats"
NULL,"6539578966140",,"Maggie Pant Set - Blue","maggie-pant-set-blue","49.9949.99",NULL,NULL,"Matching Sets"
NULL,"6539586797692",,"Deena Zip Front Mini Dress - Black","deena-zip-front-mini-dress-black","12.0012.00",NULL,NULL,"Dresses"
NULL,"6539588927612",,"Ari Double Lined Bodysuit - Black","ari-double-lined-bodysuit-black","8.008.00",NULL,NULL,"Nova Vintage"
NULL,"6539589222524",,"Ari Double Lined Bodysuit - Off White","ari-double-lined-bodysuit-off-white","8.008.00",NULL,NULL,"Nova Vintage"
NULL,"6539593482364",,"Keep It Wild Legging Set - Taupe","keep-it-wild-legging-set-taupe","34.9934.99",NULL,NULL,"Matching Sets"
NULL,"6539609833596",,"Victoria High Waisted Dress Pant - Grey/combo","victoria-high-waisted-dress-pant-grey-combo","22.9922.99",NULL,NULL,"Pants"
NULL,"6539620745340",,"Missed You Pant Set - Sage/combo","missed-you-pant-set-sage-combo","49.9949.99",NULL,NULL,"Matching Sets"
NULL,"6539661607036",,"Camila Off Shoulder Legging Set - Black","camila-off-shoulder-legging-set-black","24.9924.99",NULL,NULL,"Matching Sets"
NULL,"6539667636348",,"In My Memories Cropped Trucker Jacket - Raspberry","in-my-memories-cropped-trucker-jacket-raspberry","17.4917.49",NULL,NULL,"Jackets & Coats"
NULL,"6539669110908",,"High Road  Denim Jacket - Dark Wash","high-road-denim-jacket-dark-wash","20.9920.99",NULL,NULL,"Denim Jackets"
NULL,"6539705778300",,"What Matters Most Wide Leg Trouser - Rust","what-matters-most-wide-leg-trouser-rust","23.9923.99",NULL,NULL,"Pants"
NULL,"6539718623356",,"New Day Sweater Mineral Wash Legging Set - Blue","new-day-sweater-mineral-wash-legging-set-blue","54.9954.99",NULL,NULL,"Matching Sets"
NULL,"6539720032380",,"Coronado Two Tone Denim Moto Jacket - Medium Wash","coronado-two-tone-denim-moto-jacket-medium-wash","30.9930.99",NULL,NULL,"Jackets & Coats"
NULL,"6539725734012",,"Off To The Races Denim Moto Jacket - Black/Grey","off-to-the-races-denim-moto-jacket-black-grey","22.4922.49",NULL,NULL,"Denim Jackets"
NULL,"6539738579068",,"In The Running Denim Moto Jacket - Dark Wash","in-the-running-denim-moto-jacket-dark-wash","26.9926.99",NULL,NULL,"Denim Jackets"
NULL,"6539740315772",,"She Shimmers Foil Denim Jacket - Black/Silver","she-shimmers-foil-denim-jacket-black-silver","34.9934.99",NULL,NULL,"Denim Jackets"
NULL,"6539740348540",,"Pinegrove Cropped Denim Bolero Jacket - Dark Wash","pinegrove-cropped-denim-bolero-jacket-dark-wash","31.4931.49",NULL,NULL,"Denim Jackets"
NULL,"6539742347388",,"Kaia Bandage Midi Dress - Black","kaia-bandage-midi-dress-black","59.9959.99",NULL,NULL,"Dresses"
NULL,"6539745296508",,"Time Travel Lounge Pant - Heather Grey","time-travel-lounge-pant-heather-grey","19.9919.99",NULL,NULL,"Lounge"
NULL,"6539747360892",,"Lily Ribbed Tank - Heather Grey","lily-ribbed-tank-heather-grey","4.004.00",NULL,NULL,"Basic Tops & Bodysuits"
NULL,"6539748278396",,"Brittany Blazer Set - Black","brittany-blazer-set-black","59.9959.99",NULL,NULL,"Matching Sets"
NULL,"6539751096444",,"Office Duties Satin Shirt - Blue/combo","office-duties-satin-shirt-blue-combo","19.9919.99",NULL,NULL,"Shirts & Blouses"
NULL,"6539752571004",,"On The Go Ribbed Thermal Tee - Off White","on-the-go-ribbed-thermal-tee-off-white","6.006.00",NULL,NULL,"Basic Tops & Bodysuits"
NULL,"6539754045564",,"Divine Basic Tank Bodysuit - Navy","divine-basic-tank-bodysuit-navy","6.006.00",NULL,NULL,"Basic Tops & Bodysuits"
NULL,"6539755585660",,"Might Be Cami Top - Blush","might-be-cami-top-blush","16.9916.99",NULL,NULL,"Shirts & Blouses"
NULL,"6539756404860",,"Jazzy Sweater Shirt - Blue","jazzy-sweater-shirt-blue","24.9924.99",NULL,NULL,"Sweaters"
NULL,"6539768430716",,"Holy Grail Slides - Grey","holy-grail-slides-grey","24.9924.99",NULL,NULL,"Shoes"
NULL,"6539782684796",,"Delilah Ribbed Basic Tee - White","delilah-ribbed-basic-tee-white","6.006.00",NULL,NULL,"Basic Tops & Bodysuits"
NULL,"6539783667836",,"Splitting Ways Denim Jacket - Medium Wash","splitting-ways-denim-jacket-medium-wash","19.9919.99",NULL,NULL,"Denim Jackets"
NULL,"6539786879100",,"Flight Time Lounge Flare Pants - Black","flight-time-lounge-flare-pants-black","19.9919.99",NULL,NULL,"Lounge"
NULL,"6539788025980",,"Adrianna Lounge Yoga Pant - Black","adrianna-lounge-yoga-pant-black","15.9915.99",NULL,NULL,"Lounge"
NULL,"6539796349052",,"Just Like That Cargo Stacked Pant - Black","just-like-that-cargo-stacked-pant-black","24.9924.99",NULL,NULL,"Pants"
NULL,"6539798904956",,"Weekend Vibe Mesh Underwire Bra - Black","weekend-vibe-mesh-underwire-bra-black","6.496.49",NULL,NULL,"Lingerie & Sleepwear"
NULL,"6539811291260",,"Bailey Long Sleeve Bodysuit - Black","bailey-long-sleeve-bodysuit-black","10.0010.00",NULL,NULL,"Basic Tops & Bodysuits"
NULL,"6539824005244",,"Oversized Heavyweight Short Sleeve Tee - White","oversized-heavyweight-short-sleeve-tee-white-1","10.0010.00",NULL,NULL,"Mens Tees & Tanks"
NULL,"6539848941692",,"Time To Shine Foil Baggy Cargo Jeans - Silver","time-to-shine-foil-baggy-cargo-jeans-silver","29.9929.99",NULL,NULL,"Jeans"
NULL,"6539851923580",,"Portland Washed Cargo Pant - Brown","portland-washed-cargo-pant-brown","31.9931.99",NULL,NULL,"Pants"
NULL,"6539856216188",,"Dope Dreams Short Sleeve Tee - Off White","dope-dreams-short-sleeve-tee-off-white","13.9913.99",NULL,NULL,"Mens Screen Tops"
NULL,"6539857461372",,"My Turn Again Lounge Pant - Black","my-turn-again-lounge-pant-black","24.9924.99",NULL,NULL,"Lounge"
NULL,"6539859591292",,"In Reverse Cropped Stretch Denim Jacket - Grey/combo","in-reverse-cropped-stretch-denim-jacket-grey-combo","26.9926.99",NULL,NULL,"Jackets & Coats"
NULL,"6539862343804",,"Calm N Cozy 3 Piece Pant Set - Black","calm-n-cozy-3-piece-pant-set-black","39.9939.99",NULL,NULL,"Matching Sets"
NULL,"6539862802556",,"My Favorite Velour Pant Set - Blue","my-favorite-velour-pant-set-blue","49.9949.99",NULL,NULL,"Matching Sets"
NULL,"6539879612540",,"Tempted Low Rise Micro Mini Skort - Black","tempted-low-rise-micro-mini-skort-black","27.9927.99",NULL,NULL,"Skirts"
NULL,"6539880071292",,"Francine Seamless Ribbed Legging - Black","francine-seamless-ribbed-legging-black","9.009.00",NULL,NULL,"Leggings"
NULL,"6539883839612",,"Celeste Ribbed Seamless Tank - Heather Grey","celeste-ribbed-tank-heather-grey","6.006.00",NULL,NULL,"Basic Tops & Bodysuits"
NULL,"6539884494972",,"Tabitha Short Sleeve Bodysuit - Black","tabitha-short-sleeve-bodysuit-black","6.006.00",NULL,NULL,"Nova Vintage"
NULL,"6539885346940",,"Kennedi Tank Top - White","kennedi-tank-top-white","6.006.00",NULL,NULL,"Basic Tops & Bodysuits"
NULL,"6539890753660",,"Maddix Ribbed Jumpsuit - Olive","maddix-ribbed-jumpsuit-olive","32.9932.99",NULL,NULL,"Jumpsuits"
NULL,"6539935809660",,"Cambria Short Sleeve Bodysuit - Sand","cambria-short-sleeve-bodysuit-sand","6.006.00",NULL,NULL,"Nova Vintage"
NULL,"6539937480828",,"Cassy Denim Maxi Skirt - Black Wash","cassy-denim-maxi-skirt-black-wash","20.9920.99",NULL,NULL,"Skirts"
NULL,"6539938168956",,"Raven Denim Mini Skirt - Medium Wash","raven-denim-mini-skirt-medium-wash","15.9915.99",NULL,NULL,"Skirts"
NULL,"6539945705596",,"Makenzie Short Sleeve Jumpsuit - Chocolate","makenzie-short-sleeve-jumpsuit-chocolate","29.9929.99",NULL,NULL,"Jumpsuits"
NULL,"6539945836668",,"Millie Jumpsuit - Chocolate","millie-jumpsuit-chocolate","39.9939.99",NULL,NULL,"Jumpsuits"
NULL,"6539945967740",,"Makenzie Short Sleeve Jumpsuit - Mauve","makenzie-short-sleeve-jumpsuit-mauve","29.9929.99",NULL,NULL,"Jumpsuits"
NULL,"6539976376444",,"Influential Sparkle Denim Jacket - Medium Wash","influential-sparkle-denim-jacket-medium-wash","26.9926.99",NULL,NULL,"Denim Jackets"
NULL,"6539978932348",,"Alexa Double Layered Tank Top - Taupe","alexa-double-layered-tank-top-taupe","6.006.00",NULL,NULL,"Basic Tops & Bodysuits"
NULL,"6540015403132",,"Feel The Heat Fleece Hoodie - Black/combo","feel-the-heat-fleece-hoodie-black-combo","23.9923.99",NULL,NULL,"Lounge"
NULL,"6540015468668",,"Vera Off Shoulder Oversized Sweatshirt - Heather Grey","vera-off-shoulder-oversized-sweatshirt-heather-grey","19.9919.99",NULL,NULL,"Lounge"
NULL,"6540043518076",,"Cant Resist Ripped Denim Shorts - Medium Wash","cant-resist-ripped-denim-shorts-medium-wash","14.9914.99",NULL,NULL,"Jean Shorts"
NULL,"6540053545084",,"Make It Happen Moto Denim Jacket - Vintage Wash","make-it-happen-moto-denim-jacket-vintage-wash","34.9934.99",NULL,NULL,"Denim Jackets"
NULL,"6540073894012",,"Kiss Me Sleeveless Midi Dress - Red","kiss-me-sleeveless-midi-dress-red","10.0010.00",NULL,NULL,"Dresses"
NULL,"6540081201276",,"Fire Of Passion Bodystocking Set - Black","fire-of-passion-bodystocking-set-black","17.4917.49",NULL,NULL,"Lingerie & Sleepwear"
NULL,"6540097421436",,"Casual Days Lounge Top - Orange","casual-days-lounge-top-orange","16.9916.99",NULL,NULL,"Lounge"
NULL,"6540097585276",,"Casual Days Lounge Short - Orange","casual-days-lounge-short-orange","16.9916.99",NULL,NULL,"Lounge"
NULL,"6540105547900",,"All Of My Attention Heeled Sandals - Mint","all-of-my-attention-heeled-sandals-mint","44.9944.99",NULL,NULL,"Shoes"
NULL,"6540114296956",,"Makenzie Short Sleeve Pant Set - Chartreuse","makenzie-short-sleeve-pant-set-chartreuse","39.9939.99",NULL,NULL,"Matching Sets"
NULL,"6540124127356",,"Espresso Lace Mini Dress - Brown","espresso-lace-mini-dress-brown","29.9929.99",NULL,NULL,"Dresses"
NULL,"6540164530300",,"Days Off Fleece Sweatpants - Navy","days-off-fleece-sweatpants-navy","19.9919.99",NULL,NULL,"Lounge"
NULL,"6540181569660",,"For The Better Stretch Denim Shorts - Peach","for-the-better-stretch-denim-shorts-peach","7.007.00",NULL,NULL,"Jean Shorts"
NULL,"6540197101692",,"Hidden in Plain Sight  Camo Jumpsuit - Green/combo","hidden-in-plain-sight-camo-jumpsuit-green-combo","24.9924.99",NULL,NULL,"Jumpsuits"
NULL,"6540212764796",,"Making Headlines Jumpsuit  - Black","making-headlines-jumpsuit-black","54.9954.99",NULL,NULL,"Jumpsuits"
NULL,"6540241797244",,"Don't Stop Me Ripstop Cargo Pant - Black","dont-stop-me-ripstop-cargo-pant-black","31.9931.99",NULL,NULL,"Pants"
NULL,"6540253692028",,"City Sunsets Lounge Pant - Pink/combo","city-sunsets-lounge-pant-pink-combo","20.9920.99",NULL,NULL,"Lounge"
NULL,"6540253855868",,"Fair Game Lounge Wide Leg Pant - Black","fair-game-lounge-wide-leg-pant-black","19.9919.99",NULL,NULL,"Lounge"
NULL,"6540272435324",,"Gimme What I Want One Shoulder Top - Ivory","gimme-what-i-want-one-shoulder-top-ivory","17.9917.99",NULL,NULL,"Knit Tops"
NULL,"6540279578748",,"Moto Madness Denim Jacket - Acid Wash Grey","moto-madness-denim-jacket-acid-wash-grey","23.9923.99",NULL,NULL,"Denim Jackets"
NULL,"6540287574140",,"Shaila Snatched Pant Set - Black","shaila-snatched-pant-set-black","44.9944.99",NULL,NULL,"Matching Sets"
NULL,"6540291866748",,"Put The Time In Lounge Short - Heather Grey","put-the-time-in-lounge-short-heather-grey","13.9913.99",NULL,NULL,"Lounge"
NULL,"6540292292732",,"Malina Lounge Short - Charcoal","malina-lounge-short-charcoal","9.999.99",NULL,NULL,"Lounge"
NULL,"6540298453116",,"Don't Get Twisted Ribbed Legging Set - Charcoal","dont-get-twisted-ribbed-legging-set-charcoal","39.9939.99",NULL,NULL,"Matching Sets"
NULL,"6540321226876",,"Got Your Attention Bodysuit - Black","got-your-attention-bodysuit-black","17.9917.99",NULL,NULL,"Bodysuits"
NULL,"6540348293244",,"Miley Ribbed Legging Set - Plum","miley-ribbed-legging-set-plum","39.9939.99",NULL,NULL,"Matching Sets"
NULL,"6540353142908",,"Fallin For You Coated Cargo Short - Black","fallin-for-you-coated-cargo-short-black","19.9919.99",NULL,NULL,"Shorts"
NULL,"6540357206140",,"Kyle Tee - Black Wash","kyle-boxy-tee-black-wash","23.9923.99",NULL,NULL,"Mens Tees & Tanks"
NULL,"6540366413948",,"Devyn Double Layered Bodysuit - Black","devyn-double-layered-bodysuit-black","8.008.00",NULL,NULL,"Basic Tops & Bodysuits"
NULL,"6540366446716",,"Samara Double Layered Bodysuit - Black","samara-double-layered-bodysuit-black","8.008.00",NULL,NULL,"Basic Tops & Bodysuits"
NULL,"6540367659132",,"Opposites Attract Ribbed Flare Pant - Charcoal","opposites-attract-ribbed-flare-pant-charcoal","12.0012.00",NULL,NULL,"Pants"
NULL,"6540369920124",,"Tania Linen Romper - Olive","tania-linen-romper-olive","49.9949.99",NULL,NULL,"Rompers"
NULL,"6540375916668",,"Running Errands Ribbed Bodysuit - Charcoal","running-errands-ribbed-bodysuit-charcoal","13.9913.99",NULL,NULL,"Bodysuits"
NULL,"6540378210428",,"No Complaints Here Stretch Denim Shorts - Green","no-complaints-here-stretch-denim-shorts-green","14.9914.99",NULL,NULL,"Jean Shorts"
NULL,"6540379521148",,"Coming Together Stretch Denim Bermuda Shorts - Light Wash","coming-together-stretch-denim-bermuda-shorts-light-wash","17.4917.49",NULL,NULL,"Jean Shorts"
NULL,"6540381519996",,"Saint Sweatpant Set - Charcoal","saint-sweatpant-set-charcoal","44.9944.99",NULL,NULL,"Matching Sets"
NULL,"6540397084796",,"Cassidie Denim Mini Skirt - Medium Wash","cassidie-denim-mini-skirt-medium-wash","19.9919.99",NULL,NULL,"Skirts"
NULL,"6540412256380",,"Ed Hardy Free Bird Pant - Blue","ed-hardy-free-bird-pant-blue","31.9931.99",NULL,NULL,"Screens Tops and Bottoms"
NULL,"6540420120700",,"Evelyn Zip Up 1 Piece Swimsuit - Lime","evelyn-zip-up-1-piece-swimsuit-lime","20.9920.99",NULL,NULL,"Swimwear"
NULL,"6540421890172",,"Too Late Denim Wrap Skort - Medium Wash","too-late-denim-wrap-skort-medium-wash","20.9920.99",NULL,NULL,"Skirts"
NULL,"6540428574844",,"Amber Snatched Flare Jumpsuit - Cream","amber-snatched-flare-jumpsuit-cream","39.9939.99",NULL,NULL,"Jumpsuits"
NULL,"6540429983868",,"Losing Control Mesh Bodysuit - Red/combo","losing-control-mesh-bodysuit-red-combo","15.9915.99",NULL,NULL,"Bodysuits"
NULL,"6540438569084",,"Most Slept On Short Sleeve Tee - Black","most-slept-on-short-sleeve-tee-black","13.9913.99",NULL,NULL,"Mens Graphic Tees"
NULL,"6540445352060",,"As The Sun Sets 2 Piece Bikini - Pink/combo","as-the-sun-sets-2-piece-bikini-pink-combo","20.9920.99",NULL,NULL,"Swimwear"
NULL,"6540459901052",,"Lizzie Ribbed Midi Dress - Pink","lizzie-ribbed-midi-dress-pink","10.0010.00",NULL,NULL,"Dresses"
NULL,"6540467929212",,"Serena Scoop Neck Double Layered Bodysuit - White","serena-scoop-neck-double-layered-bodysuit-white","8.008.00",NULL,NULL,"Basic Tops & Bodysuits"
NULL,"6540484640892",,"Certified Hottie Heeled Sandals - Nude","certified-hottie-heeled-sandals-nude","29.9929.99",NULL,NULL,"Shoes"
NULL,"6540515213436",,"Clara Crew Neck Tee - Black","clara-crew-neck-tee-black","6.006.00",NULL,NULL,"Basic Tops & Bodysuits"
NULL,"6540516065404",,"Clara Crew Neck Tee - Hot Pink","clara-crew-neck-tee-hot-pink","6.006.00",NULL,NULL,"Basic Tops & Bodysuits"
NULL,"6540520554620",,"Selena One Shoulder Crop Top - Navy","selena-one-shoulder-crop-top-navy","4.994.99",NULL,NULL,"Basic Tops & Bodysuits"
NULL,"6540527370364",,"Essential Bandeau - Navy","essential-bandeau-navy","6.006.00",NULL,NULL,"Basic Tops & Bodysuits"
NULL,"6540536250492",,"Michaela Chain 2 Piece Bikini - Ivory","michaela-chain-2-piece-bikini-ivory","24.4924.49",NULL,NULL,"Swimwear"
NULL,"6540543623292",,"No Distractions Bodysuit - White","no-distractions-bodysuit-white","13.9913.99",NULL,NULL,"Bodysuits"
NULL,"6540554076284",,"Turning Heads Pinstripe Trouser - Navy","turning-heads-pinstripe-trouser-navy","17.4917.49",NULL,NULL,"Pants"
NULL,"6540557090940",,"Highly Motivated Stretch Bootcut Jeans - Tan","highly-motivated-stretch-bootcut-jeans-tan","20.9920.99",NULL,NULL,"Jeans"
NULL,"6540561940604",,"Jennie Tinted Denim Cargo Skort - Vintage Wash","jennie-tinted-denim-cargo-skort-vintage-wash","20.9920.99",NULL,NULL,"Skirts"
NULL,"6540578881660",,"Brynn Snatched Romper - Navy","brynn-snatched-romper-navy","24.9924.99",NULL,NULL,"Rompers"
NULL,"6540591431804",,"Leyla Bandage Jumpsuit - Red","leyla-bandage-jumpsuit-red","49.9949.99",NULL,NULL,"Jumpsuits"
NULL,"6540599525500",,"Meet Me Halfway Satin Shirt - Taupe/combo","meet-me-halfway-satin-shirt-taupe-combo","19.9919.99",NULL,NULL,"Shirts & Blouses"
NULL,"6540602278012",,"Between The Lines Lounge Pant - Grey","between-the-lines-lounge-pant-grey","14.9914.99",NULL,NULL,"Lounge"
NULL,"6540652773500",,"Ava V-Neck Tee - Black","ava-v-neck-tee-black","6.006.00",NULL,NULL,"Basic Tops & Bodysuits"
NULL,"6540653494396",,"Chloe Crew Neck Tank Top - White","chloe-crew-neck-tank-top-white","8.008.00",NULL,NULL,"Basic Tops & Bodysuits"
NULL,"6540656017532",,"Barely There Micro Shine Longline Bralette - Black","barely-there-micro-shine-longline-bralette-black","7.997.99",NULL,NULL,"Lingerie & Sleepwear"
NULL,"6540659458172",,"Calm N Cozy 3 Piece Pant Set - Oatmeal","calm-n-cozy-3-piece-pant-set-oatmeal","39.9939.99",NULL,NULL,"Matching Sets"
NULL,"6540693995644",,"Beary Cute Sherpa Slippers - Cream","beary-cute-sherpa-slippers-cream","11.0011.00",NULL,NULL,"Shoes"
NULL,"6540710510716",,"Business Plan Cropped Blazer - Black","business-plan-cropped-blazer-black","20.9920.99",NULL,NULL,"Jackets & Coats"
NULL,"6540710772860",,"Put The Work In Oversized Blazer - Black","put-the-work-in-oversized-blazer-black","31.4931.49",NULL,NULL,"Jackets & Coats"
NULL,"6540717621372",,"Maui Tank Shirt Bikini Top - Olive","maui-tank-shirt-bikini-top-olive","10.0010.00",NULL,NULL,"Swimwear"
NULL,"6540717785212",,"Maui Mix And Match Triangle Bikini Top - Chocolate","maui-mix-and-match-triangle-bikini-top-chocolate","10.0010.00",NULL,NULL,"Swimwear"
NULL,"6540724764796",,"Aubriella 3 Piece Bikini Set - Black/White","aubriella-3-piece-bikini-set-black-white","24.4924.49",NULL,NULL,"Swimwear"
NULL,"6540738461820",,"Stay Sporty Washed Wide Leg Pant - Taupe/combo","stay-sporty-washed-wide-leg-pant-taupe-combo","29.9929.99",NULL,NULL,"Screens Tops and Bottoms"
NULL,"6540744622204",,"Just My Style Denim Shorts - Light Wash","just-my-style-denim-shorts-light-wash","3.003.00",NULL,NULL,"Jean Shorts"
NULL,"6540748619900",,"Sultry Moments Lace Cami Set - Black","sultry-moments-lace-cami-set-black","15.9915.99",NULL,NULL,"Lingerie & Sleepwear"
NULL,"6540765495420",,"Getting The Word Out Straight Leg Jeans - Black Wash","getting-the-word-out-straight-leg-jeans-black-wash","18.9918.99",NULL,NULL,"Jeans"
NULL,"6540767133820",,"In High Demand Denim Moto Jacket - Light Wash","in-high-demand-denim-moto-jacket-light-wash","27.0027.00",NULL,NULL,"Denim Jackets"
NULL,"6540767789180",,"The Truth Is Denim Cargo Shacket - Medium Wash","the-truth-is-denim-cargo-shacket-medium-wash","35.9935.99",NULL,NULL,"Denim Jackets"
NULL,"6540770279548",,"Cutest Of All Bow Tights - Black","cutest-of-all-bow-tights-black","15.9915.99",NULL,NULL,"Lingerie & Sleepwear"
NULL,"6540783845500",,"Shoot Your Shot Camo Cargo Pant - Olive","shoot-your-shot-camo-cargo-pant-olive","34.9934.99",NULL,NULL,"Pants"
NULL,"6540787482748",,"Press Pause Ripped Stretch Flare Jeans - Dark Wash","press-pause-ripped-stretch-flare-jeans-dark-wash","14.9914.99",NULL,NULL,"Jeans"
NULL,"6540790399100",,"Tatiana Denim Halter Top - Medium Wash","tatiana-denim-halter-top-medium-wash","23.9923.99",NULL,NULL,"Shirts & Blouses"
NULL,"6540797116540",,"Amelia Ruched Mini Dress - Black","amelia-ruched-mini-dress-black","24.9924.99",NULL,NULL,"Dresses"
NULL,"6540799279228",,"Top Of The Line Stretch Skinny Jeans - Medium Wash","top-of-the-line-stretch-skinny-jeans-medium-wash","15.0015.00",NULL,NULL,"Jeans"
NULL,"6540816121980",,"Night Out Washed Faux Leather Top - Black","night-out-washed-faux-leather-top-black","19.9919.99",NULL,NULL,"Shirts & Blouses"
NULL,"6540855574652",,"Not Playing Sneakers - Black","not-playing-sneakers-black","39.9939.99",NULL,NULL,"Shoes"
NULL,"6540865601660",,"Ed Hardy Rose And Sword Zip Front Hoodie - Heather Grey","ed-hardy-rose-and-sword-zip-front-hoodie-heather-grey","49.9949.99",NULL,NULL,"Screens Tops and Bottoms"
NULL,"6540865732732",,"Ed Hardy Rose And Sword Sweatpant - Heather Grey","ed-hardy-rose-and-sword-sweatpant-heather-grey","39.9939.99",NULL,NULL,"Screens Tops and Bottoms"
NULL,"6540879822972",,"Kariss Cargo Micro Mini Skort - Black","kariss-cargo-micro-mini-skort-black","20.9920.99",NULL,NULL,"Skirts"
NULL,"6540895846524",,"Ed Hardy Blue Skies Pant Set V2 -Dusty Blue","ed-hardy-blue-skies-pant-set-dusty-blue","89.9989.99",NULL,NULL,"Matching Sets"
NULL,"6540899811452",,"Mia Ribbed Seamless Biker Short - Black","mia-ribbed-seamless-biker-short-black","6.996.99",NULL,NULL,"Shorts"
NULL,"6540899975292",,"Mia Ribbed Seamless Biker Short - Brown","mia-ribbed-seamless-biker-short-brown","6.996.99",NULL,NULL,"Shorts"
NULL,"6540910723196",,"At A Glance Crossover Denim Shorts - Dark Wash","at-a-glance-crossover-denim-shorts-dark-wash","12.9912.99",NULL,NULL,"Jean Shorts"
NULL,"6540925862012",,"Julianne Off Shoulder Bodysuit - Black","julianne-off-shoulder-bodysuit-black","13.9913.99",NULL,NULL,"Bodysuits"
NULL,"6540926746748",,"Julianne Off Shoulder Bodysuit - Sage","julianne-off-shoulder-bodysuit-sage","13.9913.99",NULL,NULL,"Bodysuits"
NULL,"6540928712828",,"The OG Tinted Denim Micro Mini Skirt - Vintage Wash","the-og-tinted-denim-micro-mini-skirt-vintage-wash","19.9919.99",NULL,NULL,"Skirts"
NULL,"6540954828924",,"Fair Game Lounge Wide Leg Pant - Heather Grey","fair-game-lounge-wide-leg-pant-heather-grey","14.9914.99",NULL,NULL,"Lounge"
NULL,"6541001359484",,"Crushin On You Ribbed Top - Black","crushin-on-you-ribbed-top-black","8.998.99",NULL,NULL,"Knit Tops"
NULL,"6541018071164",,"The Moment Backless Bodysuit - Ivory","the-moment-backless-bodysuit-ivory","13.9913.99",NULL,NULL,"Bodysuits"
NULL,"6541029539964",,"Taking Chances Reflective Lounge Pant - Black","taking-chances-reflective-lounge-pant-black","14.9914.99",NULL,NULL,"Lounge"
NULL,"6541058539644",,"Pretty Problem Bandage Jumpsuit  - Black","pretty-problem-bandage-jumpsuit-black","49.9949.99",NULL,NULL,"Jumpsuits"
NULL,"6541058801788",,"Kamari Off Shoulder Top - Black","kamari-off-shoulder-top-black","14.9914.99",NULL,NULL,"Knit Tops"
NULL,"6541062340732",,"Going Places Fringe Maxi Skirt - Chocolate","going-places-fringe-maxi-skirt-chocolate","14.9914.99",NULL,NULL,"Skirts"
NULL,"6541064831100",,"A Classic Favorite Bermuda Short - Grey","a-classic-favorite-bermuda-short-grey","23.9923.99",NULL,NULL,"Shorts"
NULL,"6541098745980",,"Attention On Me Corset Top - Black","attention-on-me-corset-top-black","16.9916.99",NULL,NULL,"Knit Tops"
NULL,"6541099073660",,"Just A Sip Capri Legging - Black","just-a-sip-capri-legging-black","8.998.99",NULL,NULL,"Leggings"
NULL,"6541110607996",,"Blind Date One Shoulder Top - Red","blind-date-one-shoulder-top-red","14.9914.99",NULL,NULL,"Knit Tops"
NULL,"6541117259900",,"Mae Leopard Jumpsuit  - Brown/combo","mae-leopard-jumpsuit-brown-combo","29.9929.99",NULL,NULL,"Jumpsuits"
NULL,"6541124239484",,"Monaco Capri Legging - Black","monaco-capri-legging-black","8.998.99",NULL,NULL,"Leggings"
NULL,"6541181616252",,"Joscelyn Mesh Bodysuit - Multi Color","joscelyn-mesh-bodysuit-multi-color","15.9915.99",NULL,NULL,"Bodysuits"
NULL,"6541181878396",,"Keep Making Moves Romper - Ivory","keep-making-moves-romper-ivory","24.9924.99",NULL,NULL,"Rompers"
NULL,"6541181911164",,"Let's Runaway Romper - Raspberry","lets-runaway-romper-raspberry","34.9934.99",NULL,NULL,"Rompers"
NULL,"6541194920060",,"Presley Pixelated  Jacquard Denim Jacket - Dark Wash","presley-pixelated-jacquard-denim-jacket-dark-wash","21.9921.99",NULL,NULL,"Denim Jackets"
NULL,"6541224738940",,"Motley Crue Washed Tank Top - Black","motley-crue-washed-tank-top-black","11.9911.99",NULL,NULL,"Screens Tops and Bottoms"
NULL,"6541230768252",,"Brunch On The Mind Mini Dress - White","brunch-on-the-mind-mini-dress-white","49.9949.99",NULL,NULL,"Dresses"
NULL,"6541248495740",,"Weekend Vibes Short Set - Red","weekend-vibes-short-set-red","18.0018.00",NULL,NULL,"Matching Sets"
NULL,"6541248528508",,"Weekend Vibes Short Set - Royal","weekend-vibes-short-set-royal","18.0018.00",NULL,NULL,"Matching Sets"
NULL,"6541263667324",,"Had You Fooled Tree Camo Pant - Grey/combo","had-you-fooled-tree-camo-pant-grey-combo","39.9939.99",NULL,NULL,"Pants"
NULL,"6541266780284",,"Mermaid Siren Body Jewel Set - Clear","mermaid-siren-body-jewel-set-clear","13.9913.99",NULL,NULL,"Womens Costumes"
NULL,"6541266878588",,"She Was A Fairy Wings - Multi Color","she-was-a-fairy-wings-multi-color","20.9920.99",NULL,NULL,"Womens Costumes"
NULL,"6541289226364",,"Better Than Ever Acid Wash Denim Shorts - Light Wash","better-than-ever-acid-wash-denim-shorts-light-wash","7.497.49",NULL,NULL,"Jean Shorts"
NULL,"6541367148668",,"Bitch I'm A Pisces Fitted Tee - White","bitch-im-an-pisces-fitted-tee-white","11.9911.99",NULL,NULL,"Screens Tops and Bottoms"
NULL,"6541387694204",,"Weekend Getaway Cardigan - Red","weekend-getaway-cardigan-red","16.9916.99",NULL,NULL,"Sweaters"
NULL,"6541394182268",,"Boo Thang Lace Up Denim Jacket - Grey","boo-thang-lace-up-denim-jacket-grey","31.4931.49",NULL,NULL,"Jackets & Coats"
NULL,"6541407584380",,"Iconic Capri Uniform Pant - Khaki","iconic-capri-uniform-pant-khaki","13.9913.99",NULL,NULL,"Pants"
NULL,"6541419937916",,"Zoey Dance Bodysuit - Blue","zoey-dance-bodysuit-blue","10.4910.49",NULL,NULL,"Festival"
NULL,"6541432488060",,"Trixie Seamless 3 Piece Dancer Bodystocking Set - Royal","trixie-seamless-2-piece-dancer-bodystocking-set-royal","13.9913.99",NULL,NULL,"Festival"
NULL,"6541435240572",,"Juicy And Sweet Cherry Cardigan - Ivory/combo","juicy-and-sweet-cherry-cardigan-ivory-combo","29.9929.99",NULL,NULL,"Sweaters"
NULL,"6541442678908",,"Standing Out Crochet Cardigan - Multi Color","standing-out-crochet-cardigan-multi-color","26.9926.99",NULL,NULL,"Sweaters"
NULL,"6541445398652",,"Lea Ruched Maxi Dress - Brown/combo","lea-ruched-maxi-dress-brown-combo","44.9944.99",NULL,NULL,"Dresses"
NULL,"6541460570236",,"Heidi Wide Leg Trouser Pant - White","heidi-wide-leg-trouser-pant-white","21.4921.49",NULL,NULL,"Pants"
NULL,"6541482852476",,"Elyna Slingback Pumps - Red","elyna-slingback-pumps-red","34.9934.99",NULL,NULL,"Shoes"
NULL,"6541483704444",,"She's Fabulous Fur Trim Faux Suede Skirt Set - Taupe/combo","shes-fabulous-fur-trim-faux-suede-skirt-set-taupe-combo","59.9959.99",NULL,NULL,"Matching Sets"
NULL,"6541499138172",,"Estelle Rhinestone Festival Bodychain Top - Silver","estelle-rhinestone-festival-bodychain-top-silver","14.9914.99",NULL,NULL,"Festival"
NULL,"6541504839804",,"Sweet Date Double Lined Mini Dress - Pink","sweet-date-double-lined-mini-dress-pink","10.0010.00",NULL,NULL,"Dresses"
NULL,"6541516341372",,"Sweetest Love Bow Sweater - Ivory/combo","sweetest-love-bow-sweater-ivory-combo","21.9921.99",NULL,NULL,"Sweaters"
NULL,"6541516570748",,"Fall Semester Sweater - Ivory/combo","fall-semester-sweater-ivory-combo","23.9923.99",NULL,NULL,"Sweaters"
NULL,"6541529907324",,"All At Once Capri Legging - Yellow/combo","all-at-once-capri-legging-yellow-combo","12.4912.49",NULL,NULL,"Leggings"
NULL,"6541529972860",,"In My Presence Faux Leather Capri Legging - Black","in-my-presence-faux-leather-capri-legging-black","8.998.99",NULL,NULL,"Leggings"
NULL,"6541538263164",,"Honor Roll Cable Knit Sweater Vest - Ivory","honor-roll-cable-knit-sweater-vest-ivory","14.9914.99",NULL,NULL,"Sweaters"
NULL,"6541562413180",,"Sneak A Peak Lace Capri Legging - Black","sneak-a-peak-lace-capri-legging-black","7.997.99",NULL,NULL,"Leggings"
NULL,"6541573095548",,"Sonic Zoom Denim Mini Dress - Black/combo","sonic-zoom-denim-mini-dress-black-combo","69.9969.99",NULL,NULL,"Dresses"
NULL,"6541573193852",,"Speed It Up Faux Leather Midi Dress - Olive","speed-it-up-faux-leather-midi-dress-olive","59.9959.99",NULL,NULL,"Dresses"
NULL,"6541587120252",,"Stars And Stripes American Flag Sweater - Ivory/combo","stars-and-stripes-american-flag-sweater-ivory-combo","12.9912.99",NULL,NULL,"Sweaters"
NULL,"6541601767548",,"Ari Butterfly Rhinestone Heels - Gold","ari-butterfly-rhinestone-heels-gold","35.9935.99",NULL,NULL,"Shoes"
NULL,"6541647773820",,"Malibu Off Shoulder Sweatshirt - Navy","malibu-off-shoulder-sweatshirt-navy","17.9917.99",NULL,NULL,"Screens Tops and Bottoms"
NULL,"6541652689020",,"USA Blessed Crew Neck Sweatshirt - Heather Grey","usa-blessed-crew-neck-sweatshirt-heather-grey","22.9922.99",NULL,NULL,"Screens Tops and Bottoms"
NULL,"6541712785532",,"Tinashe Track Pant - Black","tinashe-tracksuit-pant-black","20.9920.99",NULL,NULL,"Pants"
NULL,"6541742932092",,"Kennedy Short Sleeve Drop Waist Mini Dress - Black","kennedy-short-sleeve-drop-waist-mini-dress-black","39.9939.99",NULL,NULL,"Dresses"
NULL,"8040167240",,"Kelly Denim Jacket - Dark","kelly-denim-jacket-dark","27.9927.99",NULL,NULL,"Jackets & Coats"
NULL,"8427817873",,"Almost Every Day Leggings - Black","almost-every-day-leggings-black","9.009.00",NULL,NULL,"Leggings"
NULL,"90177732625",,"Kalley Cargo Pants - Black","kalley-cargo-pants-black","23.9923.99",NULL,NULL,"Pants"
NULL,"91870789649",,"Tyson Jogger - Black","tyson-jogger-black","18.0018.00",NULL,NULL,"Mens Pants"
NULL,"92058222609",,"Essential Crew Tee - White","essential-crew-tee-white","7.007.00",NULL,NULL,"Mens Tees & Tanks"
NULL,"92058288145",,"Essential Crew Tee - Black","essential-crew-tee-black","7.007.00",NULL,NULL,"Mens Tees & Tanks"
NULL,"92227829777",,"Anything But Square Tank - White","anything-but-square-tank-white","6.006.00",NULL,NULL,"Knit Tops"
NULL,"92931686417",,"Tyson Sweatshort - Black","tyson-sweat-shorts-black","16.0016.00",NULL,NULL,"Mens Shorts"
NULL,"94966349841",,"Natalee Biker Shorts - Grey","natalee-biker-shorts-grey","6.006.00",NULL,NULL,"Shorts"
NULL,"94977949713",,"Tara Turtle Neck Sweater - Black","tara-turtle-neck-sweater-black","15.9915.99",NULL,NULL,"Sweaters"
NULL,"95067701265",,"Latest And Greatest French Terry Jogger - Black","latest-and-greatest-french-terry-jogger-black","12.0012.00",NULL,NULL,"Pants"
NULL,"95067766801",,"Latest And Greatest French Terry Jogger - Heather Grey","latest-and-greatest-french-terry-jogger-heather-grey","12.0012.00",NULL,NULL,"Pants"
NULL,"95068192785",,"Latest And Greatest French Terry Jogger - Navy","latest-and-greatest-french-terry-jogger-navy","12.0012.00",NULL,NULL,"Pants"
NULL,"95069634577",,"Latest And Greatest French Terry Zip Hoodie - Navy","latest-and-greatest-french-terry-zip-hoodie-navy","12.0012.00",NULL,NULL,"Knit Tops"
NULL,"95082348561",,"His Name Was Tustin Denim Jacket - Medium Wash","his-name-was-tustin-denim-jacket-medium-wash","22.9922.99",NULL,NULL,"Jackets & Coats"
NULL,"9667928273",,"Closer Than Close Invisible Bra - Nude","closer-than-close-invisible-bra-nude","11.9911.99",NULL,NULL,"Lingerie & Sleepwear"
NULL,"9893451793",,"Olive Oil II Skirt - Black","olive-oil-ii-skirt-black","13.9913.99",NULL,NULL,"Skirts"
NULL,"9903046289",,"Cora Super Cropped Denim Jacket - Medium Wash","cora-super-cropped-denim-jacket-medium-wash","20.0020.00",NULL,NULL,"Jackets & Coats"
